disease_id_from,disease_id_to,link_strength,disease_from,group_from,disease_to,group_to
D0101,D0102,0.077574234066756,Group 01 / Disease 01,Group 01,Group 01 / Disease 02,Group 01
D0101,D0105,0.09270179763268879,Group 01 / Disease 01,Group 01,Group 01 / Disease 05,Group 01
D0101,D0103,0.07544713344966739,Group 01 / Disease 01,Group 01,Group 01 / Disease 03,Group 01
D0101,D0104,0.05701610808197627,Group 01 / Disease 01,Group 01,Group 01 / Disease 04,Group 01
D0101,D0602,0.07185016583875882,Group 01 / Disease 01,Group 01,Group 06 / Disease 02,Group 06
D0101,D1003,0.13778007283091376,Group 01 / Disease 01,Group 01,Group 10 / Disease 03,Group 10
D0101,D1002,0.24380621231225738,Group 01 / Disease 01,Group 01,Group 10 / Disease 02,Group 10
D0101,D1201,0.05018480019607774,Group 01 / Disease 01,Group 01,Group 12 / Disease 01,Group 12
D0101,D0301,0.028279644696144694,Group 01 / Disease 01,Group 01,Group 03 / Disease 01,Group 03
D0101,D1803,0.21909267082367906,Group 01 / Disease 01,Group 01,Group 18 / Disease 03,Group 18
D0102,D0101,0.16447210381030591,Group 01 / Disease 02,Group 01,Group 01 / Disease 01,Group 01
D0102,D0103,0.11398134838802022,Group 01 / Disease 02,Group 01,Group 01 / Disease 03,Group 01
D0102,D0104,0.19206376216853205,Group 01 / Disease 02,Group 01,Group 01 / Disease 04,Group 01
D0102,D0105,0.09337394996043011,Group 01 / Disease 02,Group 01,Group 01 / Disease 05,Group 01
D0102,D2005,-0.00943972169138941,Group 01 / Disease 02,Group 01,Group 20 / Disease 05,Group 20
D0102,D0904,0.2037228748833908,Group 01 / Disease 02,Group 01,Group 09 / Disease 04,Group 09
D0103,D0104,0.04799506089193367,Group 01 / Disease 03,Group 01,Group 01 / Disease 04,Group 01
D0103,D0105,0.08386273282717145,Group 01 / Disease 03,Group 01,Group 01 / Disease 05,Group 01
D0103,D0102,-0.003770764049114401,Group 01 / Disease 03,Group 01,Group 01 / Disease 02,Group 01
D0103,D0101,0.05946864418728907,Group 01 / Disease 03,Group 01,Group 01 / Disease 01,Group 01
D0103,D0404,0.0753517631381591,Group 01 / Disease 03,Group 01,Group 04 / Disease 04,Group 04
D0103,D1402,0.209714502129859,Group 01 / Disease 03,Group 01,Group 14 / Disease 02,Group 14
D0103,D1405,0.030286266175607188,Group 01 / Disease 03,Group 01,Group 14 / Disease 05,Group 14
D0103,D0801,0.05965092771860187,Group 01 / Disease 03,Group 01,Group 08 / Disease 01,Group 08
D0103,D0502,0.1015640432449846,Group 01 / Disease 03,Group 01,Group 05 / Disease 02,Group 05
D0103,D1701,-0.009480885836436493,Group 01 / Disease 03,Group 01,Group 17 / Disease 01,Group 17
D0104,D0105,0.1810528014323406,Group 01 / Disease 04,Group 01,Group 01 / Disease 05,Group 01
D0104,D0102,0.2026003049066379,Group 01 / Disease 04,Group 01,Group 01 / Disease 02,Group 01
D0104,D0103,0.1046265844706617,Group 01 / Disease 04,Group 01,Group 01 / Disease 03,Group 01
D0104,D0101,0.056799865899712,Group 01 / Disease 04,Group 01,Group 01 / Disease 01,Group 01
D0104,D0405,0.18097221696874374,Group 01 / Disease 04,Group 01,Group 04 / Disease 05,Group 04
D0104,D1505,0.21301178892846104,Group 01 / Disease 04,Group 01,Group 15 / Disease 05,Group 15
D0104,D0805,0.3550873607274819,Group 01 / Disease 04,Group 01,Group 08 / Disease 05,Group 08
D0104,D0502,0.05763464988096451,Group 01 / Disease 04,Group 01,Group 05 / Disease 02,Group 05
D0104,D0205,0.025643652073837325,Group 01 / Disease 04,Group 01,Group 02 / Disease 05,Group 02
D0105,D0103,0.04901981145303688,Group 01 / Disease 05,Group 01,Group 01 / Disease 03,Group 01
D0105,D0101,0.15975243602364014,Group 01 / Disease 05,Group 01,Group 01 / Disease 01,Group 01
D0105,D0104,0.11819291209248338,Group 01 / Disease 05,Group 01,Group 01 / Disease 04,Group 01
D0105,D0102,0.2616308926943933,Group 01 / Disease 05,Group 01,Group 01 / Disease 02,Group 01
D0105,D0801,0.10375190002382417,Group 01 / Disease 05,Group 01,Group 08 / Disease 01,Group 08
D0105,D0404,-0.00149171333201416,Group 01 / Disease 05,Group 01,Group 04 / Disease 04,Group 04
D0105,D1703,0.16661561542051806,Group 01 / Disease 05,Group 01,Group 17 / Disease 03,Group 17
D0105,D0503,0.32271930647464736,Group 01 / Disease 05,Group 01,Group 05 / Disease 03,Group 05
D0105,D1902,0.2674518548273307,Group 01 / Disease 05,Group 01,Group 19 / Disease 02,Group 19
D0105,D1303,0.04211167897217714,Group 01 / Disease 05,Group 01,Group 13 / Disease 03,Group 13
D0105,D1901,0.08690684193987026,Group 01 / Disease 05,Group 01,Group 19 / Disease 01,Group 19
D0201,D0205,0.10571960678099195,Group 02 / Disease 01,Group 02,Group 02 / Disease 05,Group 02
D0201,D0203,0.06780343983565879,Group 02 / Disease 01,Group 02,Group 02 / Disease 03,Group 02
D0201,D0202,0.08107664446875233,Group 02 / Disease 01,Group 02,Group 02 / Disease 02,Group 02
D0201,D0204,-0.008464145828520847,Group 02 / Disease 01,Group 02,Group 02 / Disease 04,Group 02
D0201,D1904,0.06141503602543751,Group 02 / Disease 01,Group 02,Group 19 / Disease 04,Group 19
D0201,D1204,0.1595277286720734,Group 02 / Disease 01,Group 02,Group 12 / Disease 04,Group 12
D0201,D0303,0.21495105552492091,Group 02 / Disease 01,Group 02,Group 03 / Disease 03,Group 03
D0201,D1502,0.05392103521247025,Group 02 / Disease 01,Group 02,Group 15 / Disease 02,Group 15
D0201,D1105,-0.012298445597658907,Group 02 / Disease 01,Group 02,Group 11 / Disease 05,Group 11
D0201,D0903,0.023825754778367233,Group 02 / Disease 01,Group 02,Group 09 / Disease 03,Group 09
D0201,D0501,0.07215158245333422,Group 02 / Disease 01,Group 02,Group 05 / Disease 01,Group 05
D0201,D1701,0.16881582116291263,Group 02 / Disease 01,Group 02,Group 17 / Disease 01,Group 17
D0202,D0204,0.08369232761773726,Group 02 / Disease 02,Group 02,Group 02 / Disease 04,Group 02
D0202,D0205,0.052392041625429514,Group 02 / Disease 02,Group 02,Group 02 / Disease 05,Group 02
D0202,D0201,-0.006962909684484073,Group 02 / Disease 02,Group 02,Group 02 / Disease 01,Group 02
D0202,D0203,0.2853423656282914,Group 02 / Disease 02,Group 02,Group 02 / Disease 03,Group 02
D0202,D0504,0.051620691638603694,Group 02 / Disease 02,Group 02,Group 05 / Disease 04,Group 05
D0202,D1701,0.13925497684961524,Group 02 / Disease 02,Group 02,Group 17 / Disease 01,Group 17
D0202,D1603,0.23413103673139937,Group 02 / Disease 02,Group 02,Group 16 / Disease 03,Group 16
D0203,D0205,0.2560474309895585,Group 02 / Disease 03,Group 02,Group 02 / Disease 05,Group 02
D0203,D0201,0.050218767225433475,Group 02 / Disease 03,Group 02,Group 02 / Disease 01,Group 02
D0203,D0204,0.17295261886938956,Group 02 / Disease 03,Group 02,Group 02 / Disease 04,Group 02
D0203,D0202,0.1633512999712776,Group 02 / Disease 03,Group 02,Group 02 / Disease 02,Group 02
D0203,D2003,0.1441468981756326,Group 02 / Disease 03,Group 02,Group 20 / Disease 03,Group 20
D0203,D2002,0.10232627558148683,Group 02 / Disease 03,Group 02,Group 20 / Disease 02,Group 20
D0203,D0402,0.12926092280429993,Group 02 / Disease 03,Group 02,Group 04 / Disease 02,Group 04
D0203,D0403,0.12471653218356542,Group 02 / Disease 03,Group 02,Group 04 / Disease 03,Group 04
D0203,D0705,0.01129510528041861,Group 02 / Disease 03,Group 02,Group 07 / Disease 05,Group 07
D0203,D1303,0.048123043256311615,Group 02 / Disease 03,Group 02,Group 13 / Disease 03,Group 13
D0203,D1001,0.169131041619578,Group 02 / Disease 03,Group 02,Group 10 / Disease 01,Group 10
D0204,D0201,0.07589067860733162,Group 02 / Disease 04,Group 02,Group 02 / Disease 01,Group 02
D0204,D0203,0.22632524468774476,Group 02 / Disease 04,Group 02,Group 02 / Disease 03,Group 02
D0204,D1704,0.05616355483938908,Group 02 / Disease 04,Group 02,Group 17 / Disease 04,Group 17
D0204,D1903,0.23806740682240649,Group 02 / Disease 04,Group 02,Group 19 / Disease 03,Group 19
D0205,D0201,-0.003802244519232534,Group 02 / Disease 05,Group 02,Group 02 / Disease 01,Group 02
D0205,D0203,0.20015987101081134,Group 02 / Disease 05,Group 02,Group 02 / Disease 03,Group 02
D0205,D0204,0.09893944837434332,Group 02 / Disease 05,Group 02,Group 02 / Disease 04,Group 02
D0205,D0202,0.1732603300860746,Group 02 / Disease 05,Group 02,Group 02 / Disease 02,Group 02
D0205,D1103,-0.0183598945680765,Group 02 / Disease 05,Group 02,Group 11 / Disease 03,Group 11
D0205,D1404,0.08747219169709301,Group 02 / Disease 05,Group 02,Group 14 / Disease 04,Group 14
D0205,D0805,0.04885045316740311,Group 02 / Disease 05,Group 02,Group 08 / Disease 05,Group 08
D0205,D1705,-0.01688023747916871,Group 02 / Disease 05,Group 02,Group 17 / Disease 05,Group 17
D0205,D1301,0.0859300597093614,Group 02 / Disease 05,Group 02,Group 13 / Disease 01,Group 13
D0301,D0305,0.22217207736994804,Group 03 / Disease 01,Group 03,Group 03 / Disease 05,Group 03
D0301,D0303,-0.01097395997177648,Group 03 / Disease 01,Group 03,Group 03 / Disease 03,Group 03
D0301,D0304,0.1505946405585098,Group 03 / Disease 01,Group 03,Group 03 / Disease 04,Group 03
D0301,D0302,0.41265781405208296,Group 03 / Disease 01,Group 03,Group 03 / Disease 02,Group 03
D0301,D1503,0.09597241708376815,Group 03 / Disease 01,Group 03,Group 15 / Disease 03,Group 15
D0301,D1601,0.1759966697448199,Group 03 / Disease 01,Group 03,Group 16 / Disease 01,Group 16
D0301,D1403,0.258431298498329,Group 03 / Disease 01,Group 03,Group 14 / Disease 03,Group 14
D0301,D1803,0.10991158271716321,Group 03 / Disease 01,Group 03,Group 18 / Disease 03,Group 18
D0302,D0303,0.33355748587402245,Group 03 / Disease 02,Group 03,Group 03 / Disease 03,Group 03
D0302,D1004,0.20173970691530738,Group 03 / Disease 02,Group 03,Group 10 / Disease 04,Group 10
D0303,D0301,-0.005185587486514229,Group 03 / Disease 03,Group 03,Group 03 / Disease 01,Group 03
D0303,D0304,0.11030195161597976,Group 03 / Disease 03,Group 03,Group 03 / Disease 04,Group 03
D0303,D0302,-0.011017615490978145,Group 03 / Disease 03,Group 03,Group 03 / Disease 02,Group 03
D0303,D0305,0.1273269875362803,Group 03 / Disease 03,Group 03,Group 03 / Disease 05,Group 03
D0303,D1304,0.26794107593303657,Group 03 / Disease 03,Group 03,Group 13 / Disease 04,Group 13
D0303,D1001,0.1471857557462487,Group 03 / Disease 03,Group 03,Group 10 / Disease 01,Group 10
D0303,D1801,0.20436986294187665,Group 03 / Disease 03,Group 03,Group 18 / Disease 01,Group 18
D0303,D1101,0.04044209318929661,Group 03 / Disease 03,Group 03,Group 11 / Disease 01,Group 11
D0303,D1404,0.06096809868007806,Group 03 / Disease 03,Group 03,Group 14 / Disease 04,Group 14
D0303,D0604,0.05552854235655545,Group 03 / Disease 03,Group 03,Group 06 / Disease 04,Group 06
D0304,D0301,0.27176873903421667,Group 03 / Disease 04,Group 03,Group 03 / Disease 01,Group 03
D0304,D0303,0.17564019294053587,Group 03 / Disease 04,Group 03,Group 03 / Disease 03,Group 03
D0304,D0401,-0.012243241863892945,Group 03 / Disease 04,Group 03,Group 04 / Disease 01,Group 04
D0305,D0303,0.15037310516875962,Group 03 / Disease 05,Group 03,Group 03 / Disease 03,Group 03
D0305,D0301,0.24204336501222345,Group 03 / Disease 05,Group 03,Group 03 / Disease 01,Group 03
D0305,D0304,0.26359497362773343,Group 03 / Disease 05,Group 03,Group 03 / Disease 04,Group 03
D0305,D0302,-0.008174789706119921,Group 03 / Disease 05,Group 03,Group 03 / Disease 02,Group 03
D0305,D0501,0.2884375345386743,Group 03 / Disease 05,Group 03,Group 05 / Disease 01,Group 05
D0305,D1405,0.21005833721437805,Group 03 / Disease 05,Group 03,Group 14 / Disease 05,Group 14
D0305,D1402,0.10562011058901888,Group 03 / Disease 05,Group 03,Group 14 / Disease 02,Group 14
D0305,D1504,0.04593354294562891,Group 03 / Disease 05,Group 03,Group 15 / Disease 04,Group 15
D0305,D1602,0.1847855571344792,Group 03 / Disease 05,Group 03,Group 16 / Disease 02,Group 16
D0401,D0402,0.22953854309543528,Group 04 / Disease 01,Group 04,Group 04 / Disease 02,Group 04
D0401,D0405,-0.002894758807338565,Group 04 / Disease 01,Group 04,Group 04 / Disease 05,Group 04
D0401,D0403,0.18316799653191723,Group 04 / Disease 01,Group 04,Group 04 / Disease 03,Group 04
D0401,D0404,0.12214076065369789,Group 04 / Disease 01,Group 04,Group 04 / Disease 04,Group 04
D0401,D0905,0.0760983530044833,Group 04 / Disease 01,Group 04,Group 09 / Disease 05,Group 09
D0401,D1401,0.11490840050131824,Group 04 / Disease 01,Group 04,Group 14 / Disease 01,Group 14
D0401,D0901,-0.004227040279491428,Group 04 / Disease 01,Group 04,Group 09 / Disease 01,Group 09
D0401,D1602,0.2186788390407223,Group 04 / Disease 01,Group 04,Group 16 / Disease 02,Group 16
D0402,D0404,-0.005372684913490464,Group 04 / Disease 02,Group 04,Group 04 / Disease 04,Group 04
D0402,D0405,0.19247117545031964,Group 04 / Disease 02,Group 04,Group 04 / Disease 05,Group 04
D0402,D0401,0.11431961712918107,Group 04 / Disease 02,Group 04,Group 04 / Disease 01,Group 04
D0402,D0403,0.13705214676920663,Group 04 / Disease 02,Group 04,Group 04 / Disease 03,Group 04
D0402,D0704,0.15042515867756334,Group 04 / Disease 02,Group 04,Group 07 / Disease 04,Group 07
D0402,D1804,-0.004515034858328409,Group 04 / Disease 02,Group 04,Group 18 / Disease 04,Group 18
D0403,D0402,0.11414966292750887,Group 04 / Disease 03,Group 04,Group 04 / Disease 02,Group 04
D0403,D0405,0.2216777200742721,Group 04 / Disease 03,Group 04,Group 04 / Disease 05,Group 04
D0403,D0404,0.19184041572818775,Group 04 / Disease 03,Group 04,Group 04 / Disease 04,Group 04
D0403,D0401,0.2437039582719438,Group 04 / Disease 03,Group 04,Group 04 / Disease 01,Group 04
D0403,D0101,-0.018344063362642143,Group 04 / Disease 03,Group 04,Group 01 / Disease 01,Group 01
D0403,D0802,-0.002250493923901198,Group 04 / Disease 03,Group 04,Group 08 / Disease 02,Group 08
D0403,D1802,0.07727762204656331,Group 04 / Disease 03,Group 04,Group 18 / Disease 02,Group 18
D0403,D1604,0.1998812430989525,Group 04 / Disease 03,Group 04,Group 16 / Disease 04,Group 16
D0403,D1004,0.21846165591542674,Group 04 / Disease 03,Group 04,Group 10 / Disease 04,Group 10
D0404,D0405,-0.02074106477106423,Group 04 / Disease 04,Group 04,Group 04 / Disease 05,Group 04
D0404,D0402,0.10740610636294938,Group 04 / Disease 04,Group 04,Group 04 / Disease 02,Group 04
D0404,D0401,0.1012641919437867,Group 04 / Disease 04,Group 04,Group 04 / Disease 01,Group 04
D0404,D0403,0.09080818769428109,Group 04 / Disease 04,Group 04,Group 04 / Disease 03,Group 04
D0404,D1601,0.14274161719306752,Group 04 / Disease 04,Group 04,Group 16 / Disease 01,Group 16
D0404,D0702,0.08946726525685773,Group 04 / Disease 04,Group 04,Group 07 / Disease 02,Group 07
D0404,D1002,-0.02071585265780497,Group 04 / Disease 04,Group 04,Group 10 / Disease 02,Group 10
D0404,D1804,0.09496137465189225,Group 04 / Disease 04,Group 04,Group 18 / Disease 04,Group 18
D0404,D1602,0.11665492762811465,Group 04 / Disease 04,Group 04,Group 16 / Disease 02,Group 16
D0404,D1003,0.07126846728589321,Group 04 / Disease 04,Group 04,Group 10 / Disease 03,Group 10
D0404,D1105,0.23045127390956496,Group 04 / Disease 04,Group 04,Group 11 / Disease 05,Group 11
D0405,D0402,-0.002935648508343932,Group 04 / Disease 05,Group 04,Group 04 / Disease 02,Group 04
D0405,D0401,-0.018581874254568285,Group 04 / Disease 05,Group 04,Group 04 / Disease 01,Group 04
D0405,D0404,0.22306915029238014,Group 04 / Disease 05,Group 04,Group 04 / Disease 04,Group 04
D0405,D0403,0.11083793150420312,Group 04 / Disease 05,Group 04,Group 04 / Disease 03,Group 04
D0405,D0101,0.10685936213605686,Group 04 / Disease 05,Group 04,Group 01 / Disease 01,Group 01
D0405,D1202,0.18567114492565967,Group 04 / Disease 05,Group 04,Group 12 / Disease 02,Group 12
D0405,D1703,0.23273825167932924,Group 04 / Disease 05,Group 04,Group 17 / Disease 03,Group 17
D0405,D0805,0.31505753484458077,Group 04 / Disease 05,Group 04,Group 08 / Disease 05,Group 08
D0405,D0104,0.15533672265511675,Group 04 / Disease 05,Group 04,Group 01 / Disease 04,Group 01
D0405,D0501,0.20902725639081346,Group 04 / Disease 05,Group 04,Group 05 / Disease 01,Group 05
D0405,D0305,0.11568283100889584,Group 04 / Disease 05,Group 04,Group 03 / Disease 05,Group 03
D0405,D1604,-0.005677068816490767,Group 04 / Disease 05,Group 04,Group 16 / Disease 04,Group 16
D0405,D0604,0.2269111177383975,Group 04 / Disease 05,Group 04,Group 06 / Disease 04,Group 06
D0405,D1502,0.3825073249979695,Group 04 / Disease 05,Group 04,Group 15 / Disease 02,Group 15
D0501,D0503,0.08752417807983923,Group 05 / Disease 01,Group 05,Group 05 / Disease 03,Group 05
D0501,D0502,-0.0008402927724097472,Group 05 / Disease 01,Group 05,Group 05 / Disease 02,Group 05
D0501,D0201,0.05548045939598608,Group 05 / Disease 01,Group 05,Group 02 / Disease 01,Group 02
D0501,D0903,0.15702706486231208,Group 05 / Disease 01,Group 05,Group 09 / Disease 03,Group 09
D0502,D0505,0.058627089930224,Group 05 / Disease 02,Group 05,Group 05 / Disease 05,Group 05
D0502,D0504,0.10582272547290014,Group 05 / Disease 02,Group 05,Group 05 / Disease 04,Group 05
D0502,D0501,0.20026848192075009,Group 05 / Disease 02,Group 05,Group 05 / Disease 01,Group 05
D0502,D0503,0.06298645593783057,Group 05 / Disease 02,Group 05,Group 05 / Disease 03,Group 05
D0502,D1301,0.2995161196899013,Group 05 / Disease 02,Group 05,Group 13 / Disease 01,Group 13
D0502,D0405,0.007412138301076528,Group 05 / Disease 02,Group 05,Group 04 / Disease 05,Group 04
D0502,D1604,0.21546779450988404,Group 05 / Disease 02,Group 05,Group 16 / Disease 04,Group 16
D0502,D1805,0.07311187822855879,Group 05 / Disease 02,Group 05,Group 18 / Disease 05,Group 18
D0502,D1901,-0.008016425820961104,Group 05 / Disease 02,Group 05,Group 19 / Disease 01,Group 19
D0502,D1704,0.06121687308437188,Group 05 / Disease 02,Group 05,Group 17 / Disease 04,Group 17
D0503,D0504,0.09322087702810224,Group 05 / Disease 03,Group 05,Group 05 / Disease 04,Group 05
D0503,D0501,0.17105636923825585,Group 05 / Disease 03,Group 05,Group 05 / Disease 01,Group 05
D0503,D0502,0.1150859448492314,Group 05 / Disease 03,Group 05,Group 05 / Disease 02,Group 05
D0503,D0505,-0.006924342747158592,Group 05 / Disease 03,Group 05,Group 05 / Disease 05,Group 05
D0503,D0804,0.2525198511042579,Group 05 / Disease 03,Group 05,Group 08 / Disease 04,Group 08
D0503,D1003,0.2132484648671225,Group 05 / Disease 03,Group 05,Group 10 / Disease 03,Group 10
D0503,D0703,0.220099909957511,Group 05 / Disease 03,Group 05,Group 07 / Disease 03,Group 07
D0503,D1402,0.2499069354542048,Group 05 / Disease 03,Group 05,Group 14 / Disease 02,Group 14
D0503,D0803,0.16309267902392244,Group 05 / Disease 03,Group 05,Group 08 / Disease 03,Group 08
D0503,D2002,0.16260938419759915,Group 05 / Disease 03,Group 05,Group 20 / Disease 02,Group 20
D0504,D0505,0.13544835524497525,Group 05 / Disease 04,Group 05,Group 05 / Disease 05,Group 05
D0504,D0501,0.2550291939297674,Group 05 / Disease 04,Group 05,Group 05 / Disease 01,Group 05
D0504,D0502,0.1408767570428661,Group 05 / Disease 04,Group 05,Group 05 / Disease 02,Group 05
D0504,D0503,-0.006810862096972021,Group 05 / Disease 04,Group 05,Group 05 / Disease 03,Group 05
D0504,D1405,0.054196073450579044,Group 05 / Disease 04,Group 05,Group 14 / Disease 05,Group 14
D0504,D0401,0.10171597431914328,Group 05 / Disease 04,Group 05,Group 04 / Disease 01,Group 04
D0504,D1205,0.1631159595801827,Group 05 / Disease 04,Group 05,Group 12 / Disease 05,Group 12
D0504,D0301,-0.007578200030945614,Group 05 / Disease 04,Group 05,Group 03 / Disease 01,Group 03
D0505,D0503,0.20753709193220968,Group 05 / Disease 05,Group 05,Group 05 / Disease 03,Group 05
D0505,D0501,-0.016379745909134817,Group 05 / Disease 05,Group 05,Group 05 / Disease 01,Group 05
D0505,D0504,-0.010765884166907089,Group 05 / Disease 05,Group 05,Group 05 / Disease 04,Group 05
D0505,D0502,0.1291321158131481,Group 05 / Disease 05,Group 05,Group 05 / Disease 02,Group 05
D0505,D1904,0.1514427481430192,Group 05 / Disease 05,Group 05,Group 19 / Disease 04,Group 19
D0505,D1105,0.2252260338951576,Group 05 / Disease 05,Group 05,Group 11 / Disease 05,Group 11
D0505,D0601,0.23942966386989825,Group 05 / Disease 05,Group 05,Group 06 / Disease 01,Group 06
D0505,D2003,0.07193022928479514,Group 05 / Disease 05,Group 05,Group 20 / Disease 03,Group 20
D0505,D1804,0.16157192595669587,Group 05 / Disease 05,Group 05,Group 18 / Disease 04,Group 18
D0505,D1705,-0.007781878891847798,Group 05 / Disease 05,Group 05,Group 17 / Disease 05,Group 17
D0505,D1002,0.16040113295183933,Group 05 / Disease 05,Group 05,Group 10 / Disease 02,Group 10
D0505,D2004,0.10179436974048972,Group 05 / Disease 05,Group 05,Group 20 / Disease 04,Group 20
D0601,D0604,0.1995561143936704,Group 06 / Disease 01,Group 06,Group 06 / Disease 04,Group 06
D0601,D0602,0.2891941162687464,Group 06 / Disease 01,Group 06,Group 06 / Disease 02,Group 06
D0601,D0603,0.017137607588040286,Group 06 / Disease 01,Group 06,Group 06 / Disease 03,Group 06
D0601,D0605,0.05846639862940168,Group 06 / Disease 01,Group 06,Group 06 / Disease 05,Group 06
D0601,D1305,0.2269653568163505,Group 06 / Disease 01,Group 06,Group 13 / Disease 05,Group 13
D0601,D0404,0.14847163351640771,Group 06 / Disease 01,Group 06,Group 04 / Disease 04,Group 04
D0601,D1802,0.14620091220064424,Group 06 / Disease 01,Group 06,Group 18 / Disease 02,Group 18
D0602,D0605,0.01777115503945846,Group 06 / Disease 02,Group 06,Group 06 / Disease 05,Group 06
D0602,D0601,0.1736345581544401,Group 06 / Disease 02,Group 06,Group 06 / Disease 01,Group 06
D0602,D0604,-0.005743236363899406,Group 06 / Disease 02,Group 06,Group 06 / Disease 04,Group 06
D0602,D0603,0.012305441465651105,Group 06 / Disease 02,Group 06,Group 06 / Disease 03,Group 06
D0602,D1505,0.08244848207618914,Group 06 / Disease 02,Group 06,Group 15 / Disease 05,Group 15
D0602,D0402,0.07526682647313446,Group 06 / Disease 02,Group 06,Group 04 / Disease 02,Group 04
D0602,D0705,0.13442750858762428,Group 06 / Disease 02,Group 06,Group 07 / Disease 05,Group 07
D0602,D1804,0.27491579450446924,Group 06 / Disease 02,Group 06,Group 18 / Disease 04,Group 18
D0602,D0102,-0.008487320736900159,Group 06 / Disease 02,Group 06,Group 01 / Disease 02,Group 01
D0602,D0302,0.21605453369097066,Group 06 / Disease 02,Group 06,Group 03 / Disease 02,Group 03
D0603,D0601,0.1922478701593731,Group 06 / Disease 03,Group 06,Group 06 / Disease 01,Group 06
D0603,D0605,0.022317062107448715,Group 06 / Disease 03,Group 06,Group 06 / Disease 05,Group 06
D0603,D0604,0.04650406162763166,Group 06 / Disease 03,Group 06,Group 06 / Disease 04,Group 06
D0603,D0602,-0.010881840961498593,Group 06 / Disease 03,Group 06,Group 06 / Disease 02,Group 06
D0603,D0101,0.08348725361088064,Group 06 / Disease 03,Group 06,Group 01 / Disease 01,Group 01
D0603,D1703,0.22299555748070374,Group 06 / Disease 03,Group 06,Group 17 / Disease 03,Group 17
D0603,D0405,0.1556008323404942,Group 06 / Disease 03,Group 06,Group 04 / Disease 05,Group 04
D0603,D1404,-0.019853021829068562,Group 06 / Disease 03,Group 06,Group 14 / Disease 04,Group 14
D0603,D2005,0.13982919458558138,Group 06 / Disease 03,Group 06,Group 20 / Disease 05,Group 20
D0604,D0603,0.02008415838663017,Group 06 / Disease 04,Group 06,Group 06 / Disease 03,Group 06
D0604,D0602,0.26272557468882035,Group 06 / Disease 04,Group 06,Group 06 / Disease 02,Group 06
D0604,D0601,0.1853680495856794,Group 06 / Disease 04,Group 06,Group 06 / Disease 01,Group 06
D0604,D0605,0.025926725374179338,Group 06 / Disease 04,Group 06,Group 06 / Disease 05,Group 06
D0604,D1804,0.08284457334613735,Group 06 / Disease 04,Group 06,Group 18 / Disease 04,Group 18
D0604,D0201,0.16747879431459745,Group 06 / Disease 04,Group 06,Group 02 / Disease 01,Group 02
D0604,D1002,-0.010376365945256833,Group 06 / Disease 04,Group 06,Group 10 / Disease 02,Group 10
D0604,D1905,0.17409785100281802,Group 06 / Disease 04,Group 06,Group 19 / Disease 05,Group 19
D0604,D1505,0.11874904236425889,Group 06 / Disease 04,Group 06,Group 15 / Disease 05,Group 15
D0605,D0601,0.28869636778791957,Group 06 / Disease 05,Group 06,Group 06 / Disease 01,Group 06
D0605,D0602,0.13157089064809474,Group 06 / Disease 05,Group 06,Group 06 / Disease 02,Group 06
D0605,D0604,0.15954429652442415,Group 06 / Disease 05,Group 06,Group 06 / Disease 04,Group 06
D0605,D0603,0.24244899277719237,Group 06 / Disease 05,Group 06,Group 06 / Disease 03,Group 06
D0605,D0704,-0.009584566493445851,Group 06 / Disease 05,Group 06,Group 07 / Disease 04,Group 07
D0605,D0501,0.0558371123172648,Group 06 / Disease 05,Group 06,Group 05 / Disease 01,Group 05
D0701,D0704,-0.003950153430730661,Group 07 / Disease 01,Group 07,Group 07 / Disease 04,Group 07
D0701,D0703,0.2897430595790394,Group 07 / Disease 01,Group 07,Group 07 / Disease 03,Group 07
D0701,D0702,0.13144810321816452,Group 07 / Disease 01,Group 07,Group 07 / Disease 02,Group 07
D0701,D0705,0.08974629486209759,Group 07 / Disease 01,Group 07,Group 07 / Disease 05,Group 07
D0701,D1404,0.16233336437692666,Group 07 / Disease 01,Group 07,Group 14 / Disease 04,Group 14
D0701,D1702,0.1441158828030543,Group 07 / Disease 01,Group 07,Group 17 / Disease 02,Group 17
D0701,D0801,0.15899871431461665,Group 07 / Disease 01,Group 07,Group 08 / Disease 01,Group 08
D0701,D1501,-0.0015230915675041948,Group 07 / Disease 01,Group 07,Group 15 / Disease 01,Group 15
D0701,D1905,0.2730703707182083,Group 07 / Disease 01,Group 07,Group 19 / Disease 05,Group 19
D0701,D1601,0.14104226249952315,Group 07 / Disease 01,Group 07,Group 16 / Disease 01,Group 16
D0701,D0404,0.10560385342023403,Group 07 / Disease 01,Group 07,Group 04 / Disease 04,Group 04
D0701,D1801,-0.006765352647515355,Group 07 / Disease 01,Group 07,Group 18 / Disease 01,Group 18
D0701,D0603,0.14427331154929146,Group 07 / Disease 01,Group 07,Group 06 / Disease 03,Group 06
D0702,D0704,0.1314826840695142,Group 07 / Disease 02,Group 07,Group 07 / Disease 04,Group 07
D0702,D0705,0.22374450772329,Group 07 / Disease 02,Group 07,Group 07 / Disease 05,Group 07
D0702,D0703,0.13168603912053656,Group 07 / Disease 02,Group 07,Group 07 / Disease 03,Group 07
D0702,D0701,0.2009335170666975,Group 07 / Disease 02,Group 07,Group 07 / Disease 01,Group 07
D0702,D1304,-0.005323085505379613,Group 07 / Disease 02,Group 07,Group 13 / Disease 04,Group 13
D0702,D1101,0.1210315314867204,Group 07 / Disease 02,Group 07,Group 11 / Disease 01,Group 11
D0702,D0904,0.1997440037281084,Group 07 / Disease 02,Group 07,Group 09 / Disease 04,Group 09
D0702,D1203,0.12741159447249636,Group 07 / Disease 02,Group 07,Group 12 / Disease 03,Group 12
D0702,D1405,0.02331084197459974,Group 07 / Disease 02,Group 07,Group 14 / Disease 05,Group 14
D0702,D2004,0.019810911710801654,Group 07 / Disease 02,Group 07,Group 20 / Disease 04,Group 20
D0702,D0301,0.12191818638891426,Group 07 / Disease 02,Group 07,Group 03 / Disease 01,Group 03
D0702,D1104,-0.011780672050940185,Group 07 / Disease 02,Group 07,Group 11 / Disease 04,Group 11
D0702,D0402,0.13128544231400796,Group 07 / Disease 02,Group 07,Group 04 / Disease 02,Group 04
D0702,D1102,0.30466058255076484,Group 07 / Disease 02,Group 07,Group 11 / Disease 02,Group 11
D0702,D0902,0.022387093167956337,Group 07 / Disease 02,Group 07,Group 09 / Disease 02,Group 09
D0702,D1801,-0.0031675388819234645,Group 07 / Disease 02,Group 07,Group 18 / Disease 01,Group 18
D0703,D0701,0.06730561256720818,Group 07 / Disease 03,Group 07,Group 07 / Disease 01,Group 07
D0703,D0702,0.14593243922617308,Group 07 / Disease 03,Group 07,Group 07 / Disease 02,Group 07
D0703,D0705,0.09524526926986705,Group 07 / Disease 03,Group 07,Group 07 / Disease 05,Group 07
D0703,D0704,0.2183602286612492,Group 07 / Disease 03,Group 07,Group 07 / Disease 04,Group 07
D0703,D0604,0.12637880737971327,Group 07 / Disease 03,Group 07,Group 06 / Disease 04,Group 06
D0703,D0202,0.17514060736800513,Group 07 / Disease 03,Group 07,Group 02 / Disease 02,Group 02
D0703,D0801,0.13593421355495985,Group 07 / Disease 03,Group 07,Group 08 / Disease 01,Group 08
D0703,D1101,-0.010023638966007484,Group 07 / Disease 03,Group 07,Group 11 / Disease 01,Group 11
D0703,D0905,0.06049541259679142,Group 07 / Disease 03,Group 07,Group 09 / Disease 05,Group 09
D0703,D1802,0.25274853581571066,Group 07 / Disease 03,Group 07,Group 18 / Disease 02,Group 18
D0703,D1105,0.0447293333073239,Group 07 / Disease 03,Group 07,Group 11 / Disease 05,Group 11
D0703,D0803,-0.01237701874391553,Group 07 / Disease 03,Group 07,Group 08 / Disease 03,Group 08
D0703,D0103,0.17528742328104474,Group 07 / Disease 03,Group 07,Group 01 / Disease 03,Group 01
D0704,D0701,0.3548834994013043,Group 07 / Disease 04,Group 07,Group 07 / Disease 01,Group 07
D0704,D0703,0.2380178947490509,Group 07 / Disease 04,Group 07,Group 07 / Disease 03,Group 07
D0704,D0705,0.1995407602124946,Group 07 / Disease 04,Group 07,Group 07 / Disease 05,Group 07
D0704,D0702,-0.002387654728601043,Group 07 / Disease 04,Group 07,Group 07 / Disease 02,Group 07
D0704,D1004,0.16826440448974408,Group 07 / Disease 04,Group 07,Group 10 / Disease 04,Group 10
D0704,D1404,0.13817496026318224,Group 07 / Disease 04,Group 07,Group 14 / Disease 04,Group 14
D0704,D1502,0.019588377504454208,Group 07 / Disease 04,Group 07,Group 15 / Disease 02,Group 15
D0704,D0404,0.18507332294163065,Group 07 / Disease 04,Group 07,Group 04 / Disease 04,Group 04
D0704,D0805,0.03688995283366817,Group 07 / Disease 04,Group 07,Group 08 / Disease 05,Group 08
D0704,D0505,0.08225460173685835,Group 07 / Disease 04,Group 07,Group 05 / Disease 05,Group 05
D0705,D0701,0.15963175729535511,Group 07 / Disease 05,Group 07,Group 07 / Disease 01,Group 07
D0705,D0702,0.12355979826432738,Group 07 / Disease 05,Group 07,Group 07 / Disease 02,Group 07
D0705,D0704,0.12810389267609557,Group 07 / Disease 05,Group 07,Group 07 / Disease 04,Group 07
D0705,D0703,0.15887011779040452,Group 07 / Disease 05,Group 07,Group 07 / Disease 03,Group 07
D0705,D1302,0.17475099450292914,Group 07 / Disease 05,Group 07,Group 13 / Disease 02,Group 13
D0705,D1604,0.16064832886055105,Group 07 / Disease 05,Group 07,Group 16 / Disease 04,Group 16
D0705,D1605,0.20079159536453103,Group 07 / Disease 05,Group 07,Group 16 / Disease 05,Group 16
D0705,D1105,0.10737779317554015,Group 07 / Disease 05,Group 07,Group 11 / Disease 05,Group 11
D0705,D1504,0.046749170997950104,Group 07 / Disease 05,Group 07,Group 15 / Disease 04,Group 15
D0705,D2004,0.21347455768342558,Group 07 / Disease 05,Group 07,Group 20 / Disease 04,Group 20
D0705,D0505,-0.010470913481972897,Group 07 / Disease 05,Group 07,Group 05 / Disease 05,Group 05
D0801,D0802,0.0957436848281291,Group 08 / Disease 01,Group 08,Group 08 / Disease 02,Group 08
D0801,D0803,-0.0018272918378749307,Group 08 / Disease 01,Group 08,Group 08 / Disease 03,Group 08
D0801,D0805,0.2292167214526255,Group 08 / Disease 01,Group 08,Group 08 / Disease 05,Group 08
D0801,D0804,0.15353358656673732,Group 08 / Disease 01,Group 08,Group 08 / Disease 04,Group 08
D0801,D1503,0.08029522982503004,Group 08 / Disease 01,Group 08,Group 15 / Disease 03,Group 15
D0801,D0504,0.24097305020848298,Group 08 / Disease 01,Group 08,Group 05 / Disease 04,Group 05
D0801,D1005,0.07040159972998326,Group 08 / Disease 01,Group 08,Group 10 / Disease 05,Group 10
D0802,D0804,-0.009237214518985187,Group 08 / Disease 02,Group 08,Group 08 / Disease 04,Group 08
D0802,D0803,0.03497683659165165,Group 08 / Disease 02,Group 08,Group 08 / Disease 03,Group 08
D0802,D0805,0.05140553425011263,Group 08 / Disease 02,Group 08,Group 08 / Disease 05,Group 08
D0802,D0801,0.1353022941575599,Group 08 / Disease 02,Group 08,Group 08 / Disease 01,Group 08
D0802,D0102,0.12588972820935523,Group 08 / Disease 02,Group 08,Group 01 / Disease 02,Group 01
D0802,D1101,0.12136636329532918,Group 08 / Disease 02,Group 08,Group 11 / Disease 01,Group 11
D0802,D1305,0.13627319987220102,Group 08 / Disease 02,Group 08,Group 13 / Disease 05,Group 13
D0802,D0905,0.1732130923939308,Group 08 / Disease 02,Group 08,Group 09 / Disease 05,Group 09
D0802,D1504,0.38927428856775,Group 08 / Disease 02,Group 08,Group 15 / Disease 04,Group 15
D0802,D0604,0.19091898822334,Group 08 / Disease 02,Group 08,Group 06 / Disease 04,Group 06
D0802,D1501,-0.031058502914091464,Group 08 / Disease 02,Group 08,Group 15 / Disease 01,Group 15
D0802,D0405,0.16433234423623044,Group 08 / Disease 02,Group 08,Group 04 / Disease 05,Group 04
D0803,D0802,0.0954274580274526,Group 08 / Disease 03,Group 08,Group 08 / Disease 02,Group 08
D0803,D0805,0.13210010008817374,Group 08 / Disease 03,Group 08,Group 08 / Disease 05,Group 08
D0803,D0503,0.1404163691264767,Group 08 / Disease 03,Group 08,Group 05 / Disease 03,Group 05
D0803,D1005,0.11508611677698712,Group 08 / Disease 03,Group 08,Group 10 / Disease 05,Group 10
D0804,D0803,0.3737190971863876,Group 08 / Disease 04,Group 08,Group 08 / Disease 03,Group 08
D0804,D0802,0.0871372449476778,Group 08 / Disease 04,Group 08,Group 08 / Disease 02,Group 08
D0804,D0805,0.18341216808771282,Group 08 / Disease 04,Group 08,Group 08 / Disease 05,Group 08
D0804,D0801,0.01242171299815717,Group 08 / Disease 04,Group 08,Group 08 / Disease 01,Group 08
D0804,D2003,-0.020364848568211344,Group 08 / Disease 04,Group 08,Group 20 / Disease 03,Group 20
D0804,D0601,0.2657826053417951,Group 08 / Disease 04,Group 08,Group 06 / Disease 01,Group 06
D0804,D0402,-0.0038375454918616,Group 08 / Disease 04,Group 08,Group 04 / Disease 02,Group 04
D0804,D1601,-0.0007076533127357441,Group 08 / Disease 04,Group 08,Group 16 / Disease 01,Group 16
D0805,D0801,0.2830887846067165,Group 08 / Disease 05,Group 08,Group 08 / Disease 01,Group 08
D0805,D0804,0.015767285286401447,Group 08 / Disease 05,Group 08,Group 08 / Disease 04,Group 08
D0805,D0803,0.02379749434225051,Group 08 / Disease 05,Group 08,Group 08 / Disease 03,Group 08
D0805,D0802,0.3028121497225184,Group 08 / Disease 05,Group 08,Group 08 / Disease 02,Group 08
D0805,D1801,0.06669296845407503,Group 08 / Disease 05,Group 08,Group 18 / Disease 01,Group 18
D0805,D0201,-0.014127425365824392,Group 08 / Disease 05,Group 08,Group 02 / Disease 01,Group 02
D0805,D0105,0.19214382235466193,Group 08 / Disease 05,Group 08,Group 01 / Disease 05,Group 01
D0805,D0904,0.0440623689653166,Group 08 / Disease 05,Group 08,Group 09 / Disease 04,Group 09
D0805,D1005,-0.01013685918345609,Group 08 / Disease 05,Group 08,Group 10 / Disease 05,Group 10
D0805,D0405,0.07904819809028085,Group 08 / Disease 05,Group 08,Group 04 / Disease 05,Group 04
D0805,D1304,0.13949030818870575,Group 08 / Disease 05,Group 08,Group 13 / Disease 04,Group 13
D0805,D1402,0.32966919648845444,Group 08 / Disease 05,Group 08,Group 14 / Disease 02,Group 14
D0805,D1504,0.07961996521922289,Group 08 / Disease 05,Group 08,Group 15 / Disease 04,Group 15
D0901,D0902,0.09208129827592478,Group 09 / Disease 01,Group 09,Group 09 / Disease 02,Group 09
D0901,D0905,0.11465640867095107,Group 09 / Disease 01,Group 09,Group 09 / Disease 05,Group 09
D0901,D0903,0.03563438187939597,Group 09 / Disease 01,Group 09,Group 09 / Disease 03,Group 09
D0901,D0904,-0.005090914746946239,Group 09 / Disease 01,Group 09,Group 09 / Disease 04,Group 09
D0901,D0104,0.1273173033671188,Group 09 / Disease 01,Group 09,Group 01 / Disease 04,Group 01
D0901,D1104,0.23660352067349302,Group 09 / Disease 01,Group 09,Group 11 / Disease 04,Group 11
D0901,D0102,0.2277360447620352,Group 09 / Disease 01,Group 09,Group 01 / Disease 02,Group 01
D0901,D2002,0.1856821652792244,Group 09 / Disease 01,Group 09,Group 20 / Disease 02,Group 20
D0901,D0401,0.29218992476703615,Group 09 / Disease 01,Group 09,Group 04 / Disease 01,Group 04
D0901,D1604,0.0877105517262321,Group 09 / Disease 01,Group 09,Group 16 / Disease 04,Group 16
D0902,D0901,0.047802397504276055,Group 09 / Disease 02,Group 09,Group 09 / Disease 01,Group 09
D0902,D0904,0.03699592829788921,Group 09 / Disease 02,Group 09,Group 09 / Disease 04,Group 09
D0902,D0903,0.07691241405871875,Group 09 / Disease 02,Group 09,Group 09 / Disease 03,Group 09
D0902,D0905,0.10515978664229218,Group 09 / Disease 02,Group 09,Group 09 / Disease 05,Group 09
D0902,D1001,-0.003736091805049857,Group 09 / Disease 02,Group 09,Group 10 / Disease 01,Group 10
D0902,D0804,0.21781941872756427,Group 09 / Disease 02,Group 09,Group 08 / Disease 04,Group 08
D0902,D1705,0.2170778839169349,Group 09 / Disease 02,Group 09,Group 17 / Disease 05,Group 17
D0902,D1005,0.06643359600358423,Group 09 / Disease 02,Group 09,Group 10 / Disease 05,Group 10
D0903,D0902,0.024063545239040463,Group 09 / Disease 03,Group 09,Group 09 / Disease 02,Group 09
D0903,D0901,0.296117288936293,Group 09 / Disease 03,Group 09,Group 09 / Disease 01,Group 09
D0903,D0904,0.056534024015388554,Group 09 / Disease 03,Group 09,Group 09 / Disease 04,Group 09
D0903,D0905,0.180917500049252,Group 09 / Disease 03,Group 09,Group 09 / Disease 05,Group 09
D0903,D1803,-0.013540380649652498,Group 09 / Disease 03,Group 09,Group 18 / Disease 03,Group 18
D0903,D1102,0.14286737057312007,Group 09 / Disease 03,Group 09,Group 11 / Disease 02,Group 11
D0903,D1203,0.03798245692128048,Group 09 / Disease 03,Group 09,Group 12 / Disease 03,Group 12
D0903,D0801,0.041619516407942606,Group 09 / Disease 03,Group 09,Group 08 / Disease 01,Group 08
D0903,D0403,0.18914001314679738,Group 09 / Disease 03,Group 09,Group 04 / Disease 03,Group 04
D0903,D0503,-0.011052887805450039,Group 09 / Disease 03,Group 09,Group 05 / Disease 03,Group 05
D0903,D0803,0.14653075082917927,Group 09 / Disease 03,Group 09,Group 08 / Disease 03,Group 08
D0903,D0201,0.10317765968015748,Group 09 / Disease 03,Group 09,Group 02 / Disease 01,Group 02
D0903,D1005,0.21276666573093986,Group 09 / Disease 03,Group 09,Group 10 / Disease 05,Group 10
D0903,D1301,0.3603669008633636,Group 09 / Disease 03,Group 09,Group 13 / Disease 01,Group 13
D0903,D1504,0.1477739273430147,Group 09 / Disease 03,Group 09,Group 15 / Disease 04,Group 15
D0904,D0901,0.1237314593426014,Group 09 / Disease 04,Group 09,Group 09 / Disease 01,Group 09
D0904,D0902,0.23185529842765273,Group 09 / Disease 04,Group 09,Group 09 / Disease 02,Group 09
D0904,D0903,-0.010858166968093943,Group 09 / Disease 04,Group 09,Group 09 / Disease 03,Group 09
D0904,D0905,0.05421638003252889,Group 09 / Disease 04,Group 09,Group 09 / Disease 05,Group 09
D0904,D1103,0.20105435830733695,Group 09 / Disease 04,Group 09,Group 11 / Disease 03,Group 11
D0904,D1502,0.16403939256034894,Group 09 / Disease 04,Group 09,Group 15 / Disease 02,Group 15
D0905,D0902,0.021232068326450512,Group 09 / Disease 05,Group 09,Group 09 / Disease 02,Group 09
D0905,D0904,-0.00854606622852076,Group 09 / Disease 05,Group 09,Group 09 / Disease 04,Group 09
D0905,D0901,-0.0072878577380465215,Group 09 / Disease 05,Group 09,Group 09 / Disease 01,Group 09
D0905,D0903,0.21934764586222907,Group 09 / Disease 05,Group 09,Group 09 / Disease 03,Group 09
D0905,D1304,0.13247922685101368,Group 09 / Disease 05,Group 09,Group 13 / Disease 04,Group 13
D0905,D1505,0.1441620021694727,Group 09 / Disease 05,Group 09,Group 15 / Disease 05,Group 15
D0905,D0701,0.1510160300136503,Group 09 / Disease 05,Group 09,Group 07 / Disease 01,Group 07
D0905,D0503,0.1488763611746313,Group 09 / Disease 05,Group 09,Group 05 / Disease 03,Group 05
D0905,D1204,0.05076273377884121,Group 09 / Disease 05,Group 09,Group 12 / Disease 04,Group 12
D0905,D0104,0.1467363207887601,Group 09 / Disease 05,Group 09,Group 01 / Disease 04,Group 01
D0905,D1804,0.26668452244629154,Group 09 / Disease 05,Group 09,Group 18 / Disease 04,Group 18
D0905,D0403,0.24374857956804255,Group 09 / Disease 05,Group 09,Group 04 / Disease 03,Group 04
D0905,D0102,0.10171744985299992,Group 09 / Disease 05,Group 09,Group 01 / Disease 02,Group 01
D1001,D1002,0.15011701866570512,Group 10 / Disease 01,Group 10,Group 10 / Disease 02,Group 10
D1002,D1001,0.0473721021271065,Group 10 / Disease 02,Group 10,Group 10 / Disease 01,Group 10
D1002,D1005,0.11405474232467233,Group 10 / Disease 02,Group 10,Group 10 / Disease 05,Group 10
D1002,D2004,0.09734097036968951,Group 10 / Disease 02,Group 10,Group 20 / Disease 04,Group 20
D1003,D1001,0.0558567333678173,Group 10 / Disease 03,Group 10,Group 10 / Disease 01,Group 10
D1003,D1002,0.027527310706875408,Group 10 / Disease 03,Group 10,Group 10 / Disease 02,Group 10
D1003,D1005,0.04064045604474677,Group 10 / Disease 03,Group 10,Group 10 / Disease 05,Group 10
D1003,D1004,0.01668623579615181,Group 10 / Disease 03,Group 10,Group 10 / Disease 04,Group 10
D1003,D0101,0.12196054705486899,Group 10 / Disease 03,Group 10,Group 01 / Disease 01,Group 01
D1003,D1803,-0.010289630817522977,Group 10 / Disease 03,Group 10,Group 18 / Disease 03,Group 18
D1003,D1202,0.07742224363953402,Group 10 / Disease 03,Group 10,Group 12 / Disease 02,Group 12
D1003,D1405,-0.008280772138564338,Group 10 / Disease 03,Group 10,Group 14 / Disease 05,Group 14
D1004,D1001,-0.00043364984329197155,Group 10 / Disease 04,Group 10,Group 10 / Disease 01,Group 10
D1004,D1005,0.08455122656963183,Group 10 / Disease 04,Group 10,Group 10 / Disease 05,Group 10
D1004,D1002,0.06145557954218381,Group 10 / Disease 04,Group 10,Group 10 / Disease 02,Group 10
D1004,D1003,0.06233493556578197,Group 10 / Disease 04,Group 10,Group 10 / Disease 03,Group 10
D1004,D1402,0.3964271703415594,Group 10 / Disease 04,Group 10,Group 14 / Disease 02,Group 14
D1004,D0404,0.05776392984119228,Group 10 / Disease 04,Group 10,Group 04 / Disease 04,Group 04
D1004,D1405,0.10136543012547822,Group 10 / Disease 04,Group 10,Group 14 / Disease 05,Group 14
D1004,D1504,0.2603637421268449,Group 10 / Disease 04,Group 10,Group 15 / Disease 04,Group 15
D1005,D1004,0.14286118761084818,Group 10 / Disease 05,Group 10,Group 10 / Disease 04,Group 10
D1005,D1001,0.15631263303069456,Group 10 / Disease 05,Group 10,Group 10 / Disease 01,Group 10
D1005,D1002,0.0979745847265246,Group 10 / Disease 05,Group 10,Group 10 / Disease 02,Group 10
D1005,D1003,-0.017591054886651036,Group 10 / Disease 05,Group 10,Group 10 / Disease 03,Group 10
D1005,D1605,0.1606291163948087,Group 10 / Disease 05,Group 10,Group 16 / Disease 05,Group 16
D1005,D0801,0.18375913601262855,Group 10 / Disease 05,Group 10,Group 08 / Disease 01,Group 08
D1005,D0904,0.034155035640954054,Group 10 / Disease 05,Group 10,Group 09 / Disease 04,Group 09
D1101,D1103,0.14139881431069767,Group 11 / Disease 01,Group 11,Group 11 / Disease 03,Group 11
D1101,D1104,0.14439845715534166,Group 11 / Disease 01,Group 11,Group 11 / Disease 04,Group 11
D1101,D1105,0.07610193139700402,Group 11 / Disease 01,Group 11,Group 11 / Disease 05,Group 11
D1101,D1102,0.13621784424578406,Group 11 / Disease 01,Group 11,Group 11 / Disease 02,Group 11
D1101,D1604,0.04594223072919427,Group 11 / Disease 01,Group 11,Group 16 / Disease 04,Group 16
D1101,D1401,0.1105447909042939,Group 11 / Disease 01,Group 11,Group 14 / Disease 01,Group 14
D1101,D0604,0.1509209371425648,Group 11 / Disease 01,Group 11,Group 06 / Disease 04,Group 06
D1101,D1703,0.1876645311441554,Group 11 / Disease 01,Group 11,Group 17 / Disease 03,Group 17
D1101,D1904,-0.003808313422948318,Group 11 / Disease 01,Group 11,Group 19 / Disease 04,Group 19
D1102,D1104,0.20202155416340725,Group 11 / Disease 02,Group 11,Group 11 / Disease 04,Group 11
D1102,D1101,0.07157758724370493,Group 11 / Disease 02,Group 11,Group 11 / Disease 01,Group 11
D1102,D1105,0.05124054555672259,Group 11 / Disease 02,Group 11,Group 11 / Disease 05,Group 11
D1102,D1103,0.11503391941294853,Group 11 / Disease 02,Group 11,Group 11 / Disease 03,Group 11
D1102,D1503,0.29532922937938205,Group 11 / Disease 02,Group 11,Group 15 / Disease 03,Group 15
D1102,D0202,-0.015279036799750935,Group 11 / Disease 02,Group 11,Group 02 / Disease 02,Group 02
D1102,D1504,0.04330116881434357,Group 11 / Disease 02,Group 11,Group 15 / Disease 04,Group 15
D1103,D1102,0.14647664293441323,Group 11 / Disease 03,Group 11,Group 11 / Disease 02,Group 11
D1103,D1101,-0.004231191375131464,Group 11 / Disease 03,Group 11,Group 11 / Disease 01,Group 11
D1103,D1105,0.1360153941379209,Group 11 / Disease 03,Group 11,Group 11 / Disease 05,Group 11
D1103,D1603,0.18283029654009195,Group 11 / Disease 03,Group 11,Group 16 / Disease 03,Group 16
D1103,D1401,0.13239459789132954,Group 11 / Disease 03,Group 11,Group 14 / Disease 01,Group 14
D1104,D1103,-0.006259602898834312,Group 11 / Disease 04,Group 11,Group 11 / Disease 03,Group 11
D1104,D1105,0.18214165753882666,Group 11 / Disease 04,Group 11,Group 11 / Disease 05,Group 11
D1104,D1102,-0.012108203561957928,Group 11 / Disease 04,Group 11,Group 11 / Disease 02,Group 11
D1104,D1101,0.030113888508003072,Group 11 / Disease 04,Group 11,Group 11 / Disease 01,Group 11
D1104,D0303,0.07492132615768723,Group 11 / Disease 04,Group 11,Group 03 / Disease 03,Group 03
D1104,D0903,0.12099136511786793,Group 11 / Disease 04,Group 11,Group 09 / Disease 03,Group 09
D1104,D2001,-0.0021471312440953755,Group 11 / Disease 04,Group 11,Group 20 / Disease 01,Group 20
D1104,D0102,0.1643931483925272,Group 11 / Disease 04,Group 11,Group 01 / Disease 02,Group 01
D1104,D1504,0.12317473185758607,Group 11 / Disease 04,Group 11,Group 15 / Disease 04,Group 15
D1104,D0704,0.1816518159111437,Group 11 / Disease 04,Group 11,Group 07 / Disease 04,Group 07
D1105,D1103,0.19827752961389516,Group 11 / Disease 05,Group 11,Group 11 / Disease 03,Group 11
D1105,D1101,0.16867948321576662,Group 11 / Disease 05,Group 11,Group 11 / Disease 01,Group 11
D1105,D1104,0.06545934178451442,Group 11 / Disease 05,Group 11,Group 11 / Disease 04,Group 11
D1105,D1102,0.052367677007430835,Group 11 / Disease 05,Group 11,Group 11 / Disease 02,Group 11
D1105,D0203,0.09261193310671462,Group 11 / Disease 05,Group 11,Group 02 / Disease 03,Group 02
D1105,D1504,0.12093631413711772,Group 11 / Disease 05,Group 11,Group 15 / Disease 04,Group 15
D1105,D1801,-0.0022566243788441783,Group 11 / Disease 05,Group 11,Group 18 / Disease 01,Group 18
D1105,D2003,0.07431155436028951,Group 11 / Disease 05,Group 11,Group 20 / Disease 03,Group 20
D1105,D0201,0.1592034443736061,Group 11 / Disease 05,Group 11,Group 02 / Disease 01,Group 02
D1201,D1205,0.12056196305480893,Group 12 / Disease 01,Group 12,Group 12 / Disease 05,Group 12
D1201,D1203,0.17780626266304358,Group 12 / Disease 01,Group 12,Group 12 / Disease 03,Group 12
D1201,D1202,0.07851105372306534,Group 12 / Disease 01,Group 12,Group 12 / Disease 02,Group 12
D1201,D1204,0.22367291932749317,Group 12 / Disease 01,Group 12,Group 12 / Disease 04,Group 12
D1201,D0902,-0.014822481530916405,Group 12 / Disease 01,Group 12,Group 09 / Disease 02,Group 09
D1201,D0303,0.17084052585551446,Group 12 / Disease 01,Group 12,Group 03 / Disease 03,Group 03
D1201,D0705,0.11370036022677167,Group 12 / Disease 01,Group 12,Group 07 / Disease 05,Group 07
D1201,D0802,0.14763696036148488,Group 12 / Disease 01,Group 12,Group 08 / Disease 02,Group 08
D1201,D0104,0.023712323948133083,Group 12 / Disease 01,Group 12,Group 01 / Disease 04,Group 01
D1201,D1803,-0.0022671112510243394,Group 12 / Disease 01,Group 12,Group 18 / Disease 03,Group 18
D1202,D1204,0.054481331626893885,Group 12 / Disease 02,Group 12,Group 12 / Disease 04,Group 12
D1202,D1201,0.19372916027822268,Group 12 / Disease 02,Group 12,Group 12 / Disease 01,Group 12
D1202,D1205,0.0981140865349715,Group 12 / Disease 02,Group 12,Group 12 / Disease 05,Group 12
D1202,D1203,-0.006132310077794325,Group 12 / Disease 02,Group 12,Group 12 / Disease 03,Group 12
D1202,D1301,0.1916823165054853,Group 12 / Disease 02,Group 12,Group 13 / Disease 01,Group 13
D1202,D1302,0.08325068015538971,Group 12 / Disease 02,Group 12,Group 13 / Disease 02,Group 13
D1202,D0901,0.19185294217837587,Group 12 / Disease 02,Group 12,Group 09 / Disease 01,Group 09
D1202,D0101,-0.01381731536292521,Group 12 / Disease 02,Group 12,Group 01 / Disease 01,Group 01
D1202,D0404,0.026468066912740843,Group 12 / Disease 02,Group 12,Group 04 / Disease 04,Group 04
D1203,D1202,-0.009694309362685406,Group 12 / Disease 03,Group 12,Group 12 / Disease 02,Group 12
D1203,D1204,0.05592008732868897,Group 12 / Disease 03,Group 12,Group 12 / Disease 04,Group 12
D1203,D1201,0.3664797522237443,Group 12 / Disease 03,Group 12,Group 12 / Disease 01,Group 12
D1203,D0703,-0.008202160599207291,Group 12 / Disease 03,Group 12,Group 07 / Disease 03,Group 07
D1203,D1602,0.05658422436030763,Group 12 / Disease 03,Group 12,Group 16 / Disease 02,Group 16
D1204,D1205,0.10731282797917771,Group 12 / Disease 04,Group 12,Group 12 / Disease 05,Group 12
D1204,D1203,0.21628262269522172,Group 12 / Disease 04,Group 12,Group 12 / Disease 03,Group 12
D1204,D1201,0.3920862490266766,Group 12 / Disease 04,Group 12,Group 12 / Disease 01,Group 12
D1204,D1202,0.023140667656276134,Group 12 / Disease 04,Group 12,Group 12 / Disease 02,Group 12
D1204,D1502,0.19049240464566078,Group 12 / Disease 04,Group 12,Group 15 / Disease 02,Group 15
D1204,D1305,0.06713585620684448,Group 12 / Disease 04,Group 12,Group 13 / Disease 05,Group 13
D1205,D1203,0.17178348450027434,Group 12 / Disease 05,Group 12,Group 12 / Disease 03,Group 12
D1205,D1204,0.22774081296035606,Group 12 / Disease 05,Group 12,Group 12 / Disease 04,Group 12
D1205,D1201,0.07600457687954817,Group 12 / Disease 05,Group 12,Group 12 / Disease 01,Group 12
D1205,D1202,0.10162212196266177,Group 12 / Disease 05,Group 12,Group 12 / Disease 02,Group 12
D1205,D1504,0.15264269033372474,Group 12 / Disease 05,Group 12,Group 15 / Disease 04,Group 15
D1205,D0202,0.0484676665775903,Group 12 / Disease 05,Group 12,Group 02 / Disease 02,Group 02
D1205,D0305,0.2045279780540919,Group 12 / Disease 05,Group 12,Group 03 / Disease 05,Group 03
D1205,D0105,0.14470879190946154,Group 12 / Disease 05,Group 12,Group 01 / Disease 05,Group 01
D1205,D1401,0.1319839254875018,Group 12 / Disease 05,Group 12,Group 14 / Disease 01,Group 14
D1301,D1302,0.2658199663717052,Group 13 / Disease 01,Group 13,Group 13 / Disease 02,Group 13
D1301,D1305,0.3294386919910299,Group 13 / Disease 01,Group 13,Group 13 / Disease 05,Group 13
D1301,D1303,0.168354616692934,Group 13 / Disease 01,Group 13,Group 13 / Disease 03,Group 13
D1301,D1304,-0.005174993519038447,Group 13 / Disease 01,Group 13,Group 13 / Disease 04,Group 13
D1301,D0103,0.021009306788763803,Group 13 / Disease 01,Group 13,Group 01 / Disease 03,Group 01
D1301,D1503,0.21478810620685798,Group 13 / Disease 01,Group 13,Group 15 / Disease 03,Group 15
D1301,D0601,0.05687257747821021,Group 13 / Disease 01,Group 13,Group 06 / Disease 01,Group 06
D1302,D1301,0.022917722131897876,Group 13 / Disease 02,Group 13,Group 13 / Disease 01,Group 13
D1302,D1304,0.09364925562292063,Group 13 / Disease 02,Group 13,Group 13 / Disease 04,Group 13
D1302,D1305,-0.0010110430866722094,Group 13 / Disease 02,Group 13,Group 13 / Disease 05,Group 13
D1302,D1303,0.14073924641890045,Group 13 / Disease 02,Group 13,Group 13 / Disease 03,Group 13
D1302,D1204,-0.008450769655605662,Group 13 / Disease 02,Group 13,Group 12 / Disease 04,Group 12
D1302,D1202,0.1264777397502077,Group 13 / Disease 02,Group 13,Group 12 / Disease 02,Group 12
D1303,D1301,0.0572109772437853,Group 13 / Disease 03,Group 13,Group 13 / Disease 01,Group 13
D1303,D1302,0.14193231043748986,Group 13 / Disease 03,Group 13,Group 13 / Disease 02,Group 13
D1303,D1304,0.24195484284881574,Group 13 / Disease 03,Group 13,Group 13 / Disease 04,Group 13
D1303,D1305,0.08206043950228244,Group 13 / Disease 03,Group 13,Group 13 / Disease 05,Group 13
D1303,D1204,-0.009301299901704953,Group 13 / Disease 03,Group 13,Group 12 / Disease 04,Group 12
D1303,D0904,0.3167457988438677,Group 13 / Disease 03,Group 13,Group 09 / Disease 04,Group 09
D1303,D0805,0.08149918388982703,Group 13 / Disease 03,Group 13,Group 08 / Disease 05,Group 08
D1303,D0405,-0.010834271802676631,Group 13 / Disease 03,Group 13,Group 04 / Disease 05,Group 04
D1303,D0403,0.092761012567437,Group 13 / Disease 03,Group 13,Group 04 / Disease 03,Group 04
D1303,D0103,0.1752510536238073,Group 13 / Disease 03,Group 13,Group 01 / Disease 03,Group 01
D1303,D0505,0.060510964323251336,Group 13 / Disease 03,Group 13,Group 05 / Disease 05,Group 05
D1303,D1804,0.0990353458763827,Group 13 / Disease 03,Group 13,Group 18 / Disease 04,Group 18
D1303,D0301,0.20178253108577718,Group 13 / Disease 03,Group 13,Group 03 / Disease 01,Group 03
D1303,D0501,0.029941880943813486,Group 13 / Disease 03,Group 13,Group 05 / Disease 01,Group 05
D1303,D1502,0.05763093990417031,Group 13 / Disease 03,Group 13,Group 15 / Disease 02,Group 15
D1303,D1802,0.077627948962871,Group 13 / Disease 03,Group 13,Group 18 / Disease 02,Group 18
D1304,D1301,0.18597379168327657,Group 13 / Disease 04,Group 13,Group 13 / Disease 01,Group 13
D1304,D1303,0.12469855239367118,Group 13 / Disease 04,Group 13,Group 13 / Disease 03,Group 13
D1304,D1302,0.22819824822024973,Group 13 / Disease 04,Group 13,Group 13 / Disease 02,Group 13
D1304,D1305,0.22932526669371325,Group 13 / Disease 04,Group 13,Group 13 / Disease 05,Group 13
D1304,D1203,0.11099907299232037,Group 13 / Disease 04,Group 13,Group 12 / Disease 03,Group 12
D1304,D0202,0.31025224820718317,Group 13 / Disease 04,Group 13,Group 02 / Disease 02,Group 02
D1304,D1401,0.29146401439721975,Group 13 / Disease 04,Group 13,Group 14 / Disease 01,Group 14
D1304,D1805,-0.013938045623242096,Group 13 / Disease 04,Group 13,Group 18 / Disease 05,Group 18
D1305,D1303,0.19730662531262913,Group 13 / Disease 05,Group 13,Group 13 / Disease 03,Group 13
D1305,D1304,0.12707252444658904,Group 13 / Disease 05,Group 13,Group 13 / Disease 04,Group 13
D1305,D1301,0.20455507207135692,Group 13 / Disease 05,Group 13,Group 13 / Disease 01,Group 13
D1305,D1302,-0.0045737958830321815,Group 13 / Disease 05,Group 13,Group 13 / Disease 02,Group 13
D1305,D1601,0.18093538870723255,Group 13 / Disease 05,Group 13,Group 16 / Disease 01,Group 16
D1305,D0503,0.40741335364244113,Group 13 / Disease 05,Group 13,Group 05 / Disease 03,Group 05
D1305,D1605,0.16747780978599625,Group 13 / Disease 05,Group 13,Group 16 / Disease 05,Group 16
D1305,D1502,0.2140459699888965,Group 13 / Disease 05,Group 13,Group 15 / Disease 02,Group 15
D1305,D1402,-0.010003301975874405,Group 13 / Disease 05,Group 13,Group 14 / Disease 02,Group 14
D1305,D1002,0.32110721900567574,Group 13 / Disease 05,Group 13,Group 10 / Disease 02,Group 10
D1305,D0204,0.15468000760025483,Group 13 / Disease 05,Group 13,Group 02 / Disease 04,Group 02
D1401,D1403,0.19863297745745984,Group 14 / Disease 01,Group 14,Group 14 / Disease 03,Group 14
D1401,D1405,0.13328750590938063,Group 14 / Disease 01,Group 14,Group 14 / Disease 05,Group 14
D1401,D1402,0.00825767372458375,Group 14 / Disease 01,Group 14,Group 14 / Disease 02,Group 14
D1401,D1104,-0.008992539059759804,Group 14 / Disease 01,Group 14,Group 11 / Disease 04,Group 11
D1401,D0304,0.07061543490206933,Group 14 / Disease 01,Group 14,Group 03 / Disease 04,Group 03
D1402,D1404,0.10171093765629496,Group 14 / Disease 02,Group 14,Group 14 / Disease 04,Group 14
D1402,D1405,0.059007990522594214,Group 14 / Disease 02,Group 14,Group 14 / Disease 05,Group 14
D1402,D1401,-0.008134255102609605,Group 14 / Disease 02,Group 14,Group 14 / Disease 01,Group 14
D1402,D1403,0.2607207881543567,Group 14 / Disease 02,Group 14,Group 14 / Disease 03,Group 14
D1402,D1904,0.18810058600472185,Group 14 / Disease 02,Group 14,Group 19 / Disease 04,Group 19
D1402,D0402,0.1641445963272966,Group 14 / Disease 02,Group 14,Group 04 / Disease 02,Group 04
D1402,D0403,0.07159121838031693,Group 14 / Disease 02,Group 14,Group 04 / Disease 03,Group 04
D1402,D0902,-0.01850271306329351,Group 14 / Disease 02,Group 14,Group 09 / Disease 02,Group 09
D1403,D1401,0.0578472493139702,Group 14 / Disease 03,Group 14,Group 14 / Disease 01,Group 14
D1403,D1402,0.2066521731157023,Group 14 / Disease 03,Group 14,Group 14 / Disease 02,Group 14
D1403,D1404,0.1082120772198149,Group 14 / Disease 03,Group 14,Group 14 / Disease 04,Group 14
D1403,D1405,0.07753463765605552,Group 14 / Disease 03,Group 14,Group 14 / Disease 05,Group 14
D1403,D0804,0.3094430245013212,Group 14 / Disease 03,Group 14,Group 08 / Disease 04,Group 08
D1403,D0402,0.06370912801442101,Group 14 / Disease 03,Group 14,Group 04 / Disease 02,Group 04
D1403,D1602,0.26587244440976954,Group 14 / Disease 03,Group 14,Group 16 / Disease 02,Group 16
D1403,D0802,0.10064377411725796,Group 14 / Disease 03,Group 14,Group 08 / Disease 02,Group 08
D1403,D0204,0.05602831940515885,Group 14 / Disease 03,Group 14,Group 02 / Disease 04,Group 02
D1403,D0401,0.1846446561759808,Group 14 / Disease 03,Group 14,Group 04 / Disease 01,Group 04
D1403,D2003,0.16870784071093275,Group 14 / Disease 03,Group 14,Group 20 / Disease 03,Group 20
D1404,D1402,0.18097166866093747,Group 14 / Disease 04,Group 14,Group 14 / Disease 02,Group 14
D1404,D1403,0.16409453930896295,Group 14 / Disease 04,Group 14,Group 14 / Disease 03,Group 14
D1404,D1401,0.07420856110930156,Group 14 / Disease 04,Group 14,Group 14 / Disease 01,Group 14
D1404,D1405,0.13447913447680265,Group 14 / Disease 04,Group 14,Group 14 / Disease 05,Group 14
D1404,D0901,0.28886061613735314,Group 14 / Disease 04,Group 14,Group 09 / Disease 01,Group 09
D1404,D0905,0.0693423876852823,Group 14 / Disease 04,Group 14,Group 09 / Disease 05,Group 09
D1404,D0801,0.10522502727624215,Group 14 / Disease 04,Group 14,Group 08 / Disease 01,Group 08
D1404,D1003,0.045739603302927846,Group 14 / Disease 04,Group 14,Group 10 / Disease 03,Group 10
D1404,D0204,0.11827030587596073,Group 14 / Disease 04,Group 14,Group 02 / Disease 04,Group 02
D1405,D1404,0.11095228214402994,Group 14 / Disease 05,Group 14,Group 14 / Disease 04,Group 14
D1405,D1402,0.04928758039948414,Group 14 / Disease 05,Group 14,Group 14 / Disease 02,Group 14
D1405,D1403,0.0606113841988353,Group 14 / Disease 05,Group 14,Group 14 / Disease 03,Group 14
D1405,D1401,0.14094103323770976,Group 14 / Disease 05,Group 14,Group 14 / Disease 01,Group 14
D1405,D0205,0.08941131162866824,Group 14 / Disease 05,Group 14,Group 02 / Disease 05,Group 02
D1405,D0204,0.03582867850214362,Group 14 / Disease 05,Group 14,Group 02 / Disease 04,Group 02
D1501,D1502,0.05647193096363389,Group 15 / Disease 01,Group 15,Group 15 / Disease 02,Group 15
D1501,D1504,0.03686217266781283,Group 15 / Disease 01,Group 15,Group 15 / Disease 04,Group 15
D1501,D1505,-0.01440672619826531,Group 15 / Disease 01,Group 15,Group 15 / Disease 05,Group 15
D1501,D1503,0.20828822157990237,Group 15 / Disease 01,Group 15,Group 15 / Disease 03,Group 15
D1501,D0102,0.09691265801889958,Group 15 / Disease 01,Group 15,Group 01 / Disease 02,Group 01
D1501,D0604,0.010067634421409542,Group 15 / Disease 01,Group 15,Group 06 / Disease 04,Group 06
D1501,D0404,0.27776280098417766,Group 15 / Disease 01,Group 15,Group 04 / Disease 04,Group 04
D1501,D2002,-0.0038198043598529174,Group 15 / Disease 01,Group 15,Group 20 / Disease 02,Group 20
D1501,D0704,0.09039657876097609,Group 15 / Disease 01,Group 15,Group 07 / Disease 04,Group 07
D1502,D1503,0.11951200774288168,Group 15 / Disease 02,Group 15,Group 15 / Disease 03,Group 15
D1502,D1505,-0.01311146523443636,Group 15 / Disease 02,Group 15,Group 15 / Disease 05,Group 15
D1502,D1501,0.379253578612413,Group 15 / Disease 02,Group 15,Group 15 / Disease 01,Group 15
D1502,D1504,0.22529328218631148,Group 15 / Disease 02,Group 15,Group 15 / Disease 04,Group 15
D1502,D0102,-0.0028779276012411334,Group 15 / Disease 02,Group 15,Group 01 / Disease 02,Group 01
D1502,D1602,0.12095280266658126,Group 15 / Disease 02,Group 15,Group 16 / Disease 02,Group 16
D1502,D1904,0.08933210187434489,Group 15 / Disease 02,Group 15,Group 19 / Disease 04,Group 19
D1502,D1004,0.10929668652476446,Group 15 / Disease 02,Group 15,Group 10 / Disease 04,Group 10
D1503,D1505,0.22589439663995536,Group 15 / Disease 03,Group 15,Group 15 / Disease 05,Group 15
D1503,D1502,0.30056682194925655,Group 15 / Disease 03,Group 15,Group 15 / Disease 02,Group 15
D1503,D1504,0.29007111874593133,Group 15 / Disease 03,Group 15,Group 15 / Disease 04,Group 15
D1503,D1501,0.06348996390902997,Group 15 / Disease 03,Group 15,Group 15 / Disease 01,Group 15
D1503,D1902,-0.003917635521800115,Group 15 / Disease 03,Group 15,Group 19 / Disease 02,Group 19
D1503,D1302,0.14242643598397295,Group 15 / Disease 03,Group 15,Group 13 / Disease 02,Group 13
D1503,D1805,0.20378053674217297,Group 15 / Disease 03,Group 15,Group 18 / Disease 05,Group 18
D1504,D1502,0.1186793185570861,Group 15 / Disease 04,Group 15,Group 15 / Disease 02,Group 15
D1504,D1503,0.15409466864123605,Group 15 / Disease 04,Group 15,Group 15 / Disease 03,Group 15
D1504,D1501,0.14913468087440165,Group 15 / Disease 04,Group 15,Group 15 / Disease 01,Group 15
D1504,D1505,0.08367854807637135,Group 15 / Disease 04,Group 15,Group 15 / Disease 05,Group 15
D1504,D0705,0.18872242962334465,Group 15 / Disease 04,Group 15,Group 07 / Disease 05,Group 07
D1504,D1301,0.0874281777175457,Group 15 / Disease 04,Group 15,Group 13 / Disease 01,Group 13
D1504,D0105,-0.0011617489454496565,Group 15 / Disease 04,Group 15,Group 01 / Disease 05,Group 01
D1505,D1504,-0.012224906855138919,Group 15 / Disease 05,Group 15,Group 15 / Disease 04,Group 15
D1505,D1502,-0.015598730603998004,Group 15 / Disease 05,Group 15,Group 15 / Disease 02,Group 15
D1505,D1503,0.06008128944653843,Group 15 / Disease 05,Group 15,Group 15 / Disease 03,Group 15
D1505,D1501,0.014787519948516497,Group 15 / Disease 05,Group 15,Group 15 / Disease 01,Group 15
D1505,D1303,0.2473657804991806,Group 15 / Disease 05,Group 15,Group 13 / Disease 03,Group 13
D1505,D1403,0.08328828786746072,Group 15 / Disease 05,Group 15,Group 14 / Disease 03,Group 14
D1505,D0805,0.2070290792506976,Group 15 / Disease 05,Group 15,Group 08 / Disease 05,Group 08
D1505,D0701,-0.01188267862092767,Group 15 / Disease 05,Group 15,Group 07 / Disease 01,Group 07
D1601,D1603,0.07829808302434332,Group 16 / Disease 01,Group 16,Group 16 / Disease 03,Group 16
D1601,D1602,0.1931762990863605,Group 16 / Disease 01,Group 16,Group 16 / Disease 02,Group 16
D1601,D1604,0.05919952164667227,Group 16 / Disease 01,Group 16,Group 16 / Disease 04,Group 16
D1601,D1605,0.08350462157246806,Group 16 / Disease 01,Group 16,Group 16 / Disease 05,Group 16
D1601,D0502,-0.00784907489991151,Group 16 / Disease 01,Group 16,Group 05 / Disease 02,Group 05
D1601,D0301,-0.0024008545107018107,Group 16 / Disease 01,Group 16,Group 03 / Disease 01,Group 03
D1601,D1105,0.09880995104954084,Group 16 / Disease 01,Group 16,Group 11 / Disease 05,Group 11
D1602,D1603,0.035552080057523,Group 16 / Disease 02,Group 16,Group 16 / Disease 03,Group 16
D1602,D0305,0.10365727822894752,Group 16 / Disease 02,Group 16,Group 03 / Disease 05,Group 03
D1603,D1602,0.19975486991054023,Group 16 / Disease 03,Group 16,Group 16 / Disease 02,Group 16
D1603,D1604,0.12863462055207786,Group 16 / Disease 03,Group 16,Group 16 / Disease 04,Group 16
D1603,D1601,-0.007966182314084372,Group 16 / Disease 03,Group 16,Group 16 / Disease 01,Group 16
D1603,D1605,0.3059430329692911,Group 16 / Disease 03,Group 16,Group 16 / Disease 05,Group 16
D1603,D1902,0.12189837200985106,Group 16 / Disease 03,Group 16,Group 19 / Disease 02,Group 19
D1603,D1702,0.07043477937750554,Group 16 / Disease 03,Group 16,Group 17 / Disease 02,Group 17
D1603,D0203,-0.023755070619150314,Group 16 / Disease 03,Group 16,Group 02 / Disease 03,Group 02
D1604,D1603,0.08507519990429456,Group 16 / Disease 04,Group 16,Group 16 / Disease 03,Group 16
D1604,D1601,0.09229047375896911,Group 16 / Disease 04,Group 16,Group 16 / Disease 01,Group 16
D1604,D1602,0.26448095954148,Group 16 / Disease 04,Group 16,Group 16 / Disease 02,Group 16
D1604,D1605,0.1240246702284653,Group 16 / Disease 04,Group 16,Group 16 / Disease 05,Group 16
D1604,D1204,0.018975517315001775,Group 16 / Disease 04,Group 16,Group 12 / Disease 04,Group 12
D1604,D2004,0.10397787754231404,Group 16 / Disease 04,Group 16,Group 20 / Disease 04,Group 20
D1604,D0602,0.07289696387466998,Group 16 / Disease 04,Group 16,Group 06 / Disease 02,Group 06
D1605,D1603,0.12545280732863706,Group 16 / Disease 05,Group 16,Group 16 / Disease 03,Group 16
D1605,D1602,0.11170389054997379,Group 16 / Disease 05,Group 16,Group 16 / Disease 02,Group 16
D1605,D1601,0.1506454370579397,Group 16 / Disease 05,Group 16,Group 16 / Disease 01,Group 16
D1605,D1604,0.09173839570232624,Group 16 / Disease 05,Group 16,Group 16 / Disease 04,Group 16
D1605,D0104,0.05706014535563874,Group 16 / Disease 05,Group 16,Group 01 / Disease 04,Group 01
D1605,D0602,0.21001272043537705,Group 16 / Disease 05,Group 16,Group 06 / Disease 02,Group 06
D1605,D1303,0.2677882619952668,Group 16 / Disease 05,Group 16,Group 13 / Disease 03,Group 13
D1701,D1705,-0.03116605897768365,Group 17 / Disease 01,Group 17,Group 17 / Disease 05,Group 17
D1701,D1704,0.17585697656588764,Group 17 / Disease 01,Group 17,Group 17 / Disease 04,Group 17
D1701,D1702,0.1686357717798629,Group 17 / Disease 01,Group 17,Group 17 / Disease 02,Group 17
D1701,D1703,0.09096550530165476,Group 17 / Disease 01,Group 17,Group 17 / Disease 03,Group 17
D1701,D0803,-0.004083780113398995,Group 17 / Disease 01,Group 17,Group 08 / Disease 03,Group 08
D1701,D0302,-0.011372019925120401,Group 17 / Disease 01,Group 17,Group 03 / Disease 02,Group 03
D1701,D1902,0.19728989562382201,Group 17 / Disease 01,Group 17,Group 19 / Disease 02,Group 19
D1702,D1705,0.059238807864061445,Group 17 / Disease 02,Group 17,Group 17 / Disease 05,Group 17
D1702,D1701,-0.03398667874160916,Group 17 / Disease 02,Group 17,Group 17 / Disease 01,Group 17
D1702,D1704,0.09339578630417116,Group 17 / Disease 02,Group 17,Group 17 / Disease 04,Group 17
D1702,D0905,0.03687822979689233,Group 17 / Disease 02,Group 17,Group 09 / Disease 05,Group 09
D1702,D0203,0.11514260363714736,Group 17 / Disease 02,Group 17,Group 02 / Disease 03,Group 02
D1703,D1701,0.08699016848450325,Group 17 / Disease 03,Group 17,Group 17 / Disease 01,Group 17
D1703,D1705,-0.01827141834120701,Group 17 / Disease 03,Group 17,Group 17 / Disease 05,Group 17
D1703,D1702,0.09959131033588765,Group 17 / Disease 03,Group 17,Group 17 / Disease 02,Group 17
D1703,D1704,0.11738902597696999,Group 17 / Disease 03,Group 17,Group 17 / Disease 04,Group 17
D1703,D0705,0.06904070234182198,Group 17 / Disease 03,Group 17,Group 07 / Disease 05,Group 07
D1703,D1005,0.31425460918350423,Group 17 / Disease 03,Group 17,Group 10 / Disease 05,Group 10
D1703,D1804,0.20297884497485108,Group 17 / Disease 03,Group 17,Group 18 / Disease 04,Group 18
D1703,D1102,0.13216423946376504,Group 17 / Disease 03,Group 17,Group 11 / Disease 02,Group 11
D1703,D1304,0.11283314687371708,Group 17 / Disease 03,Group 17,Group 13 / Disease 04,Group 13
D1703,D0904,0.09957769121394619,Group 17 / Disease 03,Group 17,Group 09 / Disease 04,Group 09
D1704,D1702,-0.017854943573674703,Group 17 / Disease 04,Group 17,Group 17 / Disease 02,Group 17
D1704,D1701,0.07467363958836777,Group 17 / Disease 04,Group 17,Group 17 / Disease 01,Group 17
D1704,D1705,0.2072509418259988,Group 17 / Disease 04,Group 17,Group 17 / Disease 05,Group 17
D1704,D1703,0.021990949836202076,Group 17 / Disease 04,Group 17,Group 17 / Disease 03,Group 17
D1704,D0301,0.16959623034379065,Group 17 / Disease 04,Group 17,Group 03 / Disease 01,Group 03
D1704,D2004,0.18935594211942655,Group 17 / Disease 04,Group 17,Group 20 / Disease 04,Group 20
D1704,D1604,0.12901168517230346,Group 17 / Disease 04,Group 17,Group 16 / Disease 04,Group 16
D1704,D1605,0.3092291293476824,Group 17 / Disease 04,Group 17,Group 16 / Disease 05,Group 16
D1705,D1704,0.3124049783546106,Group 17 / Disease 05,Group 17,Group 17 / Disease 04,Group 17
D1705,D1703,-0.006206264673560844,Group 17 / Disease 05,Group 17,Group 17 / Disease 03,Group 17
D1705,D1702,0.212142407510807,Group 17 / Disease 05,Group 17,Group 17 / Disease 02,Group 17
D1705,D1701,0.03965563842272899,Group 17 / Disease 05,Group 17,Group 17 / Disease 01,Group 17
D1705,D1005,0.09040776927840101,Group 17 / Disease 05,Group 17,Group 10 / Disease 05,Group 10
D1705,D1902,-0.0011430659122529886,Group 17 / Disease 05,Group 17,Group 19 / Disease 02,Group 19
D1705,D2001,0.17465067633577247,Group 17 / Disease 05,Group 17,Group 20 / Disease 01,Group 20
D1705,D1103,0.1659726485752057,Group 17 / Disease 05,Group 17,Group 11 / Disease 03,Group 11
D1705,D0904,-0.028270650618310623,Group 17 / Disease 05,Group 17,Group 09 / Disease 04,Group 09
D1801,D1802,0.15728873135035198,Group 18 / Disease 01,Group 18,Group 18 / Disease 02,Group 18
D1801,D1805,0.057275933019661135,Group 18 / Disease 01,Group 18,Group 18 / Disease 05,Group 18
D1801,D1804,0.16291663802242598,Group 18 / Disease 01,Group 18,Group 18 / Disease 04,Group 18
D1801,D1803,0.1287560600041074,Group 18 / Disease 01,Group 18,Group 18 / Disease 03,Group 18
D1801,D0105,0.22155975510510098,Group 18 / Disease 01,Group 18,Group 01 / Disease 05,Group 01
D1801,D0401,-0.016148218669786173,Group 18 / Disease 01,Group 18,Group 04 / Disease 01,Group 04
D1801,D1904,-0.0016145961334158227,Group 18 / Disease 01,Group 18,Group 19 / Disease 04,Group 19
D1802,D1803,0.16554990074317238,Group 18 / Disease 02,Group 18,Group 18 / Disease 03,Group 18
D1802,D1805,0.17369907741875362,Group 18 / Disease 02,Group 18,Group 18 / Disease 05,Group 18
D1802,D1804,0.2503233416603516,Group 18 / Disease 02,Group 18,Group 18 / Disease 04,Group 18
D1802,D1801,0.22192564626743222,Group 18 / Disease 02,Group 18,Group 18 / Disease 01,Group 18
D1802,D1504,0.4045716867755027,Group 18 / Disease 02,Group 18,Group 15 / Disease 04,Group 15
D1802,D1103,0.07665942769255096,Group 18 / Disease 02,Group 18,Group 11 / Disease 03,Group 11
D1802,D1001,0.20420812640771838,Group 18 / Disease 02,Group 18,Group 10 / Disease 01,Group 10
D1803,D1802,-0.00390438281009523,Group 18 / Disease 03,Group 18,Group 18 / Disease 02,Group 18
D1803,D1801,0.14768065832518,Group 18 / Disease 03,Group 18,Group 18 / Disease 01,Group 18
D1803,D1805,0.26623273538367614,Group 18 / Disease 03,Group 18,Group 18 / Disease 05,Group 18
D1803,D1804,-0.0037764544968396374,Group 18 / Disease 03,Group 18,Group 18 / Disease 04,Group 18
D1803,D0901,0.2809570499867679,Group 18 / Disease 03,Group 18,Group 09 / Disease 01,Group 09
D1803,D1604,0.0741157345797501,Group 18 / Disease 03,Group 18,Group 16 / Disease 04,Group 16
D1803,D1603,0.06553952619706481,Group 18 / Disease 03,Group 18,Group 16 / Disease 03,Group 16
D1803,D0603,0.15797508832144735,Group 18 / Disease 03,Group 18,Group 06 / Disease 03,Group 06
D1803,D0401,0.055377804957616905,Group 18 / Disease 03,Group 18,Group 04 / Disease 01,Group 04
D1803,D0703,-0.008024330447109094,Group 18 / Disease 03,Group 18,Group 07 / Disease 03,Group 07
D1803,D0902,0.2979288700340942,Group 18 / Disease 03,Group 18,Group 09 / Disease 02,Group 09
D1803,D0402,0.20108501561496664,Group 18 / Disease 03,Group 18,Group 04 / Disease 02,Group 04
D1804,D1803,0.09220455823677037,Group 18 / Disease 04,Group 18,Group 18 / Disease 03,Group 18
D1804,D1802,0.12017711741176172,Group 18 / Disease 04,Group 18,Group 18 / Disease 02,Group 18
D1804,D1103,0.04982232286742297,Group 18 / Disease 04,Group 18,Group 11 / Disease 03,Group 11
D1805,D1802,0.035961237767964824,Group 18 / Disease 05,Group 18,Group 18 / Disease 02,Group 18
D1805,D1803,0.1433793217377904,Group 18 / Disease 05,Group 18,Group 18 / Disease 03,Group 18
D1805,D1801,0.09621780765039882,Group 18 / Disease 05,Group 18,Group 18 / Disease 01,Group 18
D1805,D1804,0.16232640053231942,Group 18 / Disease 05,Group 18,Group 18 / Disease 04,Group 18
D1805,D0305,0.12025871353943389,Group 18 / Disease 05,Group 18,Group 03 / Disease 05,Group 03
D1805,D1902,0.16273339997494524,Group 18 / Disease 05,Group 18,Group 19 / Disease 02,Group 19
D1805,D0202,0.07636811168592131,Group 18 / Disease 05,Group 18,Group 02 / Disease 02,Group 02
D1901,D1902,0.09140611199309825,Group 19 / Disease 01,Group 19,Group 19 / Disease 02,Group 19
D1901,D1904,0.14036203780149914,Group 19 / Disease 01,Group 19,Group 19 / Disease 04,Group 19
D1901,D1903,-0.012007025336083617,Group 19 / Disease 01,Group 19,Group 19 / Disease 03,Group 19
D1901,D1905,0.25014497367441224,Group 19 / Disease 01,Group 19,Group 19 / Disease 05,Group 19
D1901,D1201,0.058596421051999595,Group 19 / Disease 01,Group 19,Group 12 / Disease 01,Group 12
D1901,D1704,-0.005450176858014546,Group 19 / Disease 01,Group 19,Group 17 / Disease 04,Group 17
D1902,D1905,0.14902748929587456,Group 19 / Disease 02,Group 19,Group 19 / Disease 05,Group 19
D1902,D1901,0.12522720238822233,Group 19 / Disease 02,Group 19,Group 19 / Disease 01,Group 19
D1902,D1903,0.2772252524002943,Group 19 / Disease 02,Group 19,Group 19 / Disease 03,Group 19
D1902,D1904,0.2039749653965649,Group 19 / Disease 02,Group 19,Group 19 / Disease 04,Group 19
D1902,D1101,0.164325343464656,Group 19 / Disease 02,Group 19,Group 11 / Disease 01,Group 11
D1902,D1404,0.19074365097017637,Group 19 / Disease 02,Group 19,Group 14 / Disease 04,Group 14
D1902,D1202,0.05220230590109177,Group 19 / Disease 02,Group 19,Group 12 / Disease 02,Group 12
D1902,D1501,0.13885587933241902,Group 19 / Disease 02,Group 19,Group 15 / Disease 01,Group 15
D1902,D0703,0.1756242865755277,Group 19 / Disease 02,Group 19,Group 07 / Disease 03,Group 07
D1902,D1204,-0.01640033371272341,Group 19 / Disease 02,Group 19,Group 12 / Disease 04,Group 12
D1902,D0104,0.10114704344533151,Group 19 / Disease 02,Group 19,Group 01 / Disease 04,Group 01
D1903,D1905,0.16665397618750558,Group 19 / Disease 03,Group 19,Group 19 / Disease 05,Group 19
D1903,D1904,0.11210033109437513,Group 19 / Disease 03,Group 19,Group 19 / Disease 04,Group 19
D1903,D1902,-0.0070592285741558755,Group 19 / Disease 03,Group 19,Group 19 / Disease 02,Group 19
D1903,D1901,0.0520740446515917,Group 19 / Disease 03,Group 19,Group 19 / Disease 01,Group 19
D1903,D1304,0.08070865562564723,Group 19 / Disease 03,Group 19,Group 13 / Disease 04,Group 13
D1903,D0603,0.25432143417356723,Group 19 / Disease 03,Group 19,Group 06 / Disease 03,Group 06
D1903,D0505,0.20861431238031194,Group 19 / Disease 03,Group 19,Group 05 / Disease 05,Group 05
D1903,D0305,0.31673377355724325,Group 19 / Disease 03,Group 19,Group 03 / Disease 05,Group 03
D1904,D1901,0.1367489378563107,Group 19 / Disease 04,Group 19,Group 19 / Disease 01,Group 19
D1904,D1905,0.08440613768307145,Group 19 / Disease 04,Group 19,Group 19 / Disease 05,Group 19
D1904,D0303,0.1705226069871273,Group 19 / Disease 04,Group 19,Group 03 / Disease 03,Group 03
D1904,D1302,0.21778798798896074,Group 19 / Disease 04,Group 19,Group 13 / Disease 02,Group 13
D1905,D1903,0.14649894397827173,Group 19 / Disease 05,Group 19,Group 19 / Disease 03,Group 19
D1905,D1904,0.042505240750920256,Group 19 / Disease 05,Group 19,Group 19 / Disease 04,Group 19
D1905,D1705,0.1401504505385824,Group 19 / Disease 05,Group 19,Group 17 / Disease 05,Group 17
D1905,D0402,0.04998797207955447,Group 19 / Disease 05,Group 19,Group 04 / Disease 02,Group 04
D2001,D2005,-0.00784914225138544,Group 20 / Disease 01,Group 20,Group 20 / Disease 05,Group 20
D2001,D2003,0.18343118245464607,Group 20 / Disease 01,Group 20,Group 20 / Disease 03,Group 20
D2001,D2002,0.24587085256123362,Group 20 / Disease 01,Group 20,Group 20 / Disease 02,Group 20
D2001,D0705,0.13789886232106352,Group 20 / Disease 01,Group 20,Group 07 / Disease 05,Group 07
D2001,D1803,0.07639048056263016,Group 20 / Disease 01,Group 20,Group 18 / Disease 03,Group 18
D2002,D2004,0.07717943528864263,Group 20 / Disease 02,Group 20,Group 20 / Disease 04,Group 20
D2002,D2005,0.16156708919226315,Group 20 / Disease 02,Group 20,Group 20 / Disease 05,Group 20
D2002,D2001,0.04191694480940179,Group 20 / Disease 02,Group 20,Group 20 / Disease 01,Group 20
D2002,D2003,0.1129844788803846,Group 20 / Disease 02,Group 20,Group 20 / Disease 03,Group 20
D2002,D1301,0.05715458631942878,Group 20 / Disease 02,Group 20,Group 13 / Disease 01,Group 13
D2002,D1104,0.28160560149901054,Group 20 / Disease 02,Group 20,Group 11 / Disease 04,Group 11
D2003,D2002,0.25155733117590173,Group 20 / Disease 03,Group 20,Group 20 / Disease 02,Group 20
D2003,D2001,0.3239008063334628,Group 20 / Disease 03,Group 20,Group 20 / Disease 01,Group 20
D2003,D2004,0.19173648076259595,Group 20 / Disease 03,Group 20,Group 20 / Disease 04,Group 20
D2003,D2005,-0.00997372163480266,Group 20 / Disease 03,Group 20,Group 20 / Disease 05,Group 20
D2003,D0305,0.20939593116371458,Group 20 / Disease 03,Group 20,Group 03 / Disease 05,Group 03
D2003,D1302,0.047593722567510016,Group 20 / Disease 03,Group 20,Group 13 / Disease 02,Group 13
D2003,D1202,0.2303681695023364,Group 20 / Disease 03,Group 20,Group 12 / Disease 02,Group 12
D2003,D1702,0.20193615949456648,Group 20 / Disease 03,Group 20,Group 17 / Disease 02,Group 17
D2003,D1705,0.08032739019063045,Group 20 / Disease 03,Group 20,Group 17 / Disease 05,Group 17
D2004,D2005,0.2153984319878087,Group 20 / Disease 04,Group 20,Group 20 / Disease 05,Group 20
D2004,D2002,0.11617691138745354,Group 20 / Disease 04,Group 20,Group 20 / Disease 02,Group 20
D2004,D2003,0.1266938532448057,Group 20 / Disease 04,Group 20,Group 20 / Disease 03,Group 20
D2004,D2001,0.2678272291643921,Group 20 / Disease 04,Group 20,Group 20 / Disease 01,Group 20
D2004,D1405,0.10488869930350334,Group 20 / Disease 04,Group 20,Group 14 / Disease 05,Group 14
D2004,D0702,0.14046233677332462,Group 20 / Disease 04,Group 20,Group 07 / Disease 02,Group 07
D2004,D1204,0.17843687220074508,Group 20 / Disease 04,Group 20,Group 12 / Disease 04,Group 12
D2005,D2004,0.10889880167929314,Group 20 / Disease 05,Group 20,Group 20 / Disease 04,Group 20
D2005,D2001,0.03820222748560874,Group 20 / Disease 05,Group 20,Group 20 / Disease 01,Group 20
D2005,D2003,-0.0024644819984258395,Group 20 / Disease 05,Group 20,Group 20 / Disease 03,Group 20
D2005,D2002,0.09097494120634349,Group 20 / Disease 05,Group 20,Group 20 / Disease 02,Group 20
D2005,D1005,0.1835281414364981,Group 20 / Disease 05,Group 20,Group 10 / Disease 05,Group 10
D2005,D1603,-0.004151062127103644,Group 20 / Disease 05,Group 20,Group 16 / Disease 03,Group 16
D2005,D1701,-0.003667264888956939,Group 20 / Disease 05,Group 20,Group 17 / Disease 01,Group 17
D2005,D0704,0.11496552751088217,Group 20 / Disease 05,Group 20,Group 07 / Disease 04,Group 07
D2005,D0801,0.14614413371708382,Group 20 / Disease 05,Group 20,Group 08 / Disease 01,Group 08
D2005,D1604,0.09054758351621599,Group 20 / Disease 05,Group 20,Group 16 / Disease 04,Group 16
D2005,D0805,0.23742538918238063,Group 20 / Disease 05,Group 20,Group 08 / Disease 05,Group 08
D2005,D1605,0.11085542115609089,Group 20 / Disease 05,Group 20,Group 16 / Disease 05,Group 16
